{
  "service": {
    "service": "notes-api",
    "serviceObject": {
      "name": "notes-api"
    },
    "provider": {
      "name": "aws",
      "runtime": "nodejs14.x",
      "lambdaHashingVersion": "20201221",
      "stage": "dev",
      "region": "ap-northeast-1",
      "versionFunctions": true,
      "compiledCloudFormationTemplate": {
        "AWSTemplateFormatVersion": "2010-09-09",
        "Description": "The AWS CloudFormation template for this Serverless application",
        "Resources": {
          "ServerlessDeploymentBucket": {
            "Type": "AWS::S3::Bucket",
            "Properties": {
              "BucketEncryption": {
                "ServerSideEncryptionConfiguration": [
                  {
                    "ServerSideEncryptionByDefault": {
                      "SSEAlgorithm": "AES256"
                    }
                  }
                ]
              }
            }
          },
          "ServerlessDeploymentBucketPolicy": {
            "Type": "AWS::S3::BucketPolicy",
            "Properties": {
              "Bucket": {
                "Ref": "ServerlessDeploymentBucket"
              },
              "PolicyDocument": {
                "Statement": [
                  {
                    "Action": "s3:*",
                    "Effect": "Deny",
                    "Principal": "*",
                    "Resource": [
                      {
                        "Fn::Join": [
                          "",
                          [
                            "arn:",
                            {
                              "Ref": "AWS::Partition"
                            },
                            ":s3:::",
                            {
                              "Ref": "ServerlessDeploymentBucket"
                            },
                            "/*"
                          ]
                        ]
                      },
                      {
                        "Fn::Join": [
                          "",
                          [
                            "arn:",
                            {
                              "Ref": "AWS::Partition"
                            },
                            ":s3:::",
                            {
                              "Ref": "ServerlessDeploymentBucket"
                            }
                          ]
                        ]
                      }
                    ],
                    "Condition": {
                      "Bool": {
                        "aws:SecureTransport": false
                      }
                    }
                  }
                ]
              }
            }
          },
          "AuthorizerLogGroup": {
            "Type": "AWS::Logs::LogGroup",
            "Properties": {
              "LogGroupName": "/aws/lambda/notes-api-dev-authorizer"
            }
          },
          "CreateNoteLogGroup": {
            "Type": "AWS::Logs::LogGroup",
            "Properties": {
              "LogGroupName": "/aws/lambda/notes-api-dev-createNote"
            }
          },
          "UpdateNoteLogGroup": {
            "Type": "AWS::Logs::LogGroup",
            "Properties": {
              "LogGroupName": "/aws/lambda/notes-api-dev-updateNote"
            }
          },
          "DeleteNoteLogGroup": {
            "Type": "AWS::Logs::LogGroup",
            "Properties": {
              "LogGroupName": "/aws/lambda/notes-api-dev-deleteNote"
            }
          },
          "GetAllNotesLogGroup": {
            "Type": "AWS::Logs::LogGroup",
            "Properties": {
              "LogGroupName": "/aws/lambda/notes-api-dev-getAllNotes"
            }
          },
          "IamRoleLambdaExecution": {
            "Type": "AWS::IAM::Role",
            "Properties": {
              "AssumeRolePolicyDocument": {
                "Version": "2012-10-17",
                "Statement": [
                  {
                    "Effect": "Allow",
                    "Principal": {
                      "Service": [
                        "lambda.amazonaws.com"
                      ]
                    },
                    "Action": [
                      "sts:AssumeRole"
                    ]
                  }
                ]
              },
              "Policies": [
                {
                  "PolicyName": {
                    "Fn::Join": [
                      "-",
                      [
                        "notes-api",
                        "dev",
                        "lambda"
                      ]
                    ]
                  },
                  "PolicyDocument": {
                    "Version": "2012-10-17",
                    "Statement": [
                      {
                        "Effect": "Allow",
                        "Action": [
                          "logs:CreateLogStream",
                          "logs:CreateLogGroup"
                        ],
                        "Resource": [
                          {
                            "Fn::Sub": "arn:${AWS::Partition}:logs:${AWS::Region}:${AWS::AccountId}:log-group:/aws/lambda/notes-api-dev*:*"
                          }
                        ]
                      },
                      {
                        "Effect": "Allow",
                        "Action": [
                          "logs:PutLogEvents"
                        ],
                        "Resource": [
                          {
                            "Fn::Sub": "arn:${AWS::Partition}:logs:${AWS::Region}:${AWS::AccountId}:log-group:/aws/lambda/notes-api-dev*:*:*"
                          }
                        ]
                      }
                    ]
                  }
                }
              ],
              "Path": "/",
              "RoleName": {
                "Fn::Join": [
                  "-",
                  [
                    "notes-api",
                    "dev",
                    {
                      "Ref": "AWS::Region"
                    },
                    "lambdaRole"
                  ]
                ]
              }
            }
          },
          "AuthorizerLambdaFunction": {
            "Type": "AWS::Lambda::Function",
            "Properties": {
              "Code": {
                "S3Bucket": {
                  "Ref": "ServerlessDeploymentBucket"
                },
                "S3Key": "serverless/notes-api/dev/1675509925546-2023-02-04T11:25:25.546Z/notes-api.zip"
              },
              "Handler": "authorizer.handler",
              "Runtime": "nodejs14.x",
              "FunctionName": "notes-api-dev-authorizer",
              "MemorySize": 1024,
              "Timeout": 6,
              "Environment": {
                "Variables": {
                  "COGNITO_USERPOOL_ID": {
                    "Ref": "cognitoUserPool"
                  },
                  "COGNITO_WEB_CLIENT_ID": {
                    "Ref": "cognitoUserPoolWebClient"
                  }
                }
              },
              "Role": {
                "Fn::GetAtt": [
                  "IamRoleLambdaExecution",
                  "Arn"
                ]
              }
            },
            "DependsOn": [
              "AuthorizerLogGroup"
            ]
          },
          "CreateNoteLambdaFunction": {
            "Type": "AWS::Lambda::Function",
            "Properties": {
              "Code": {
                "S3Bucket": {
                  "Ref": "ServerlessDeploymentBucket"
                },
                "S3Key": "serverless/notes-api/dev/1675509925546-2023-02-04T11:25:25.546Z/notes-api.zip"
              },
              "Handler": "handler.createNote",
              "Runtime": "nodejs14.x",
              "FunctionName": "notes-api-dev-createNote",
              "MemorySize": 1024,
              "Timeout": 6,
              "Environment": {
                "Variables": {
                  "NOTES_TABLE_NAME": {
                    "Ref": "notesTable"
                  },
                  "AWS_NODEJS_CONNECTION_REUSE_ENABLED": "1"
                }
              },
              "Role": {
                "Fn::GetAtt": [
                  "CreateNoteIamRoleLambdaExecution",
                  "Arn"
                ]
              }
            },
            "DependsOn": [
              "CreateNoteIamRoleLambdaExecution",
              "CreateNoteLogGroup"
            ]
          },
          "UpdateNoteLambdaFunction": {
            "Type": "AWS::Lambda::Function",
            "Properties": {
              "Code": {
                "S3Bucket": {
                  "Ref": "ServerlessDeploymentBucket"
                },
                "S3Key": "serverless/notes-api/dev/1675509925546-2023-02-04T11:25:25.546Z/notes-api.zip"
              },
              "Handler": "handler.updateNote",
              "Runtime": "nodejs14.x",
              "FunctionName": "notes-api-dev-updateNote",
              "MemorySize": 1024,
              "Timeout": 6,
              "Environment": {
                "Variables": {
                  "NOTES_TABLE_NAME": {
                    "Ref": "notesTable"
                  },
                  "AWS_NODEJS_CONNECTION_REUSE_ENABLED": "1"
                }
              },
              "Role": {
                "Fn::GetAtt": [
                  "UpdateNoteIamRoleLambdaExecution",
                  "Arn"
                ]
              }
            },
            "DependsOn": [
              "UpdateNoteIamRoleLambdaExecution",
              "UpdateNoteLogGroup"
            ]
          },
          "DeleteNoteLambdaFunction": {
            "Type": "AWS::Lambda::Function",
            "Properties": {
              "Code": {
                "S3Bucket": {
                  "Ref": "ServerlessDeploymentBucket"
                },
                "S3Key": "serverless/notes-api/dev/1675509925546-2023-02-04T11:25:25.546Z/notes-api.zip"
              },
              "Handler": "handler.deleteNote",
              "Runtime": "nodejs14.x",
              "FunctionName": "notes-api-dev-deleteNote",
              "MemorySize": 1024,
              "Timeout": 6,
              "Environment": {
                "Variables": {
                  "NOTES_TABLE_NAME": {
                    "Ref": "notesTable"
                  },
                  "AWS_NODEJS_CONNECTION_REUSE_ENABLED": "1"
                }
              },
              "Role": {
                "Fn::GetAtt": [
                  "DeleteNoteIamRoleLambdaExecution",
                  "Arn"
                ]
              }
            },
            "DependsOn": [
              "DeleteNoteIamRoleLambdaExecution",
              "DeleteNoteLogGroup"
            ]
          },
          "GetAllNotesLambdaFunction": {
            "Type": "AWS::Lambda::Function",
            "Properties": {
              "Code": {
                "S3Bucket": {
                  "Ref": "ServerlessDeploymentBucket"
                },
                "S3Key": "serverless/notes-api/dev/1675509925546-2023-02-04T11:25:25.546Z/notes-api.zip"
              },
              "Handler": "handler.getAllNotes",
              "Runtime": "nodejs14.x",
              "FunctionName": "notes-api-dev-getAllNotes",
              "MemorySize": 1024,
              "Timeout": 6,
              "Environment": {
                "Variables": {
                  "NOTES_TABLE_NAME": {
                    "Ref": "notesTable"
                  },
                  "AWS_NODEJS_CONNECTION_REUSE_ENABLED": "1"
                }
              },
              "Role": {
                "Fn::GetAtt": [
                  "GetAllNotesIamRoleLambdaExecution",
                  "Arn"
                ]
              }
            },
            "DependsOn": [
              "GetAllNotesIamRoleLambdaExecution",
              "GetAllNotesLogGroup"
            ]
          },
          "AuthorizerLambdaVersion1CucFna1XkWJrcNZ7Dyv2p18uOebIhTu6rR7teiZD0": {
            "Type": "AWS::Lambda::Version",
            "DeletionPolicy": "Retain",
            "Properties": {
              "FunctionName": {
                "Ref": "AuthorizerLambdaFunction"
              },
              "CodeSha256": "JLVLUtYpJoIwp6Nfix0rRjnnapFQDIgyAF6vfCTqvxw="
            }
          },
          "CreateNoteLambdaVersionrJKiIRC9bTIvKIxAIP5MSbAcYCIzlTt95wV2eofzgxs": {
            "Type": "AWS::Lambda::Version",
            "DeletionPolicy": "Retain",
            "Properties": {
              "FunctionName": {
                "Ref": "CreateNoteLambdaFunction"
              },
              "CodeSha256": "JLVLUtYpJoIwp6Nfix0rRjnnapFQDIgyAF6vfCTqvxw="
            }
          },
          "UpdateNoteLambdaVersion2ZSqnRy7rgMOwg5g8m44sZfiN6jEGpvyzUaLrK7xs": {
            "Type": "AWS::Lambda::Version",
            "DeletionPolicy": "Retain",
            "Properties": {
              "FunctionName": {
                "Ref": "UpdateNoteLambdaFunction"
              },
              "CodeSha256": "JLVLUtYpJoIwp6Nfix0rRjnnapFQDIgyAF6vfCTqvxw="
            }
          },
          "DeleteNoteLambdaVersionEqcP6qrCdZZpWqsEr5XBa0MXoKpNwBzMZM8th7g": {
            "Type": "AWS::Lambda::Version",
            "DeletionPolicy": "Retain",
            "Properties": {
              "FunctionName": {
                "Ref": "DeleteNoteLambdaFunction"
              },
              "CodeSha256": "JLVLUtYpJoIwp6Nfix0rRjnnapFQDIgyAF6vfCTqvxw="
            }
          },
          "GetAllNotesLambdaVersion4WMMEavIxjVBYNHuShiltAPAXeYs8J0XIZpkrm0": {
            "Type": "AWS::Lambda::Version",
            "DeletionPolicy": "Retain",
            "Properties": {
              "FunctionName": {
                "Ref": "GetAllNotesLambdaFunction"
              },
              "CodeSha256": "JLVLUtYpJoIwp6Nfix0rRjnnapFQDIgyAF6vfCTqvxw="
            }
          },
          "ApiGatewayRestApi": {
            "Type": "AWS::ApiGateway::RestApi",
            "Properties": {
              "Name": "dev-notes-api",
              "EndpointConfiguration": {
                "Types": [
                  "EDGE"
                ]
              },
              "Policy": ""
            }
          },
          "ApiGatewayResourceNotes": {
            "Type": "AWS::ApiGateway::Resource",
            "Properties": {
              "ParentId": {
                "Fn::GetAtt": [
                  "ApiGatewayRestApi",
                  "RootResourceId"
                ]
              },
              "PathPart": "notes",
              "RestApiId": {
                "Ref": "ApiGatewayRestApi"
              }
            }
          },
          "ApiGatewayResourceNotesIdVar": {
            "Type": "AWS::ApiGateway::Resource",
            "Properties": {
              "ParentId": {
                "Ref": "ApiGatewayResourceNotes"
              },
              "PathPart": "{id}",
              "RestApiId": {
                "Ref": "ApiGatewayRestApi"
              }
            }
          },
          "ApiGatewayMethodNotesPost": {
            "Type": "AWS::ApiGateway::Method",
            "Properties": {
              "HttpMethod": "POST",
              "RequestParameters": {},
              "ResourceId": {
                "Ref": "ApiGatewayResourceNotes"
              },
              "RestApiId": {
                "Ref": "ApiGatewayRestApi"
              },
              "ApiKeyRequired": false,
              "AuthorizationType": "CUSTOM",
              "AuthorizerId": {
                "Ref": "AuthorizerApiGatewayAuthorizer"
              },
              "Integration": {
                "IntegrationHttpMethod": "POST",
                "Type": "AWS_PROXY",
                "Uri": {
                  "Fn::Join": [
                    "",
                    [
                      "arn:",
                      {
                        "Ref": "AWS::Partition"
                      },
                      ":apigateway:",
                      {
                        "Ref": "AWS::Region"
                      },
                      ":lambda:path/2015-03-31/functions/",
                      {
                        "Fn::GetAtt": [
                          "CreateNoteLambdaFunction",
                          "Arn"
                        ]
                      },
                      "/invocations"
                    ]
                  ]
                }
              },
              "MethodResponses": []
            },
            "DependsOn": "AuthorizerApiGatewayAuthorizer"
          },
          "ApiGatewayMethodNotesIdVarPut": {
            "Type": "AWS::ApiGateway::Method",
            "Properties": {
              "HttpMethod": "PUT",
              "RequestParameters": {},
              "ResourceId": {
                "Ref": "ApiGatewayResourceNotesIdVar"
              },
              "RestApiId": {
                "Ref": "ApiGatewayRestApi"
              },
              "ApiKeyRequired": false,
              "AuthorizationType": "CUSTOM",
              "AuthorizerId": {
                "Ref": "AuthorizerApiGatewayAuthorizer"
              },
              "Integration": {
                "IntegrationHttpMethod": "POST",
                "Type": "AWS_PROXY",
                "Uri": {
                  "Fn::Join": [
                    "",
                    [
                      "arn:",
                      {
                        "Ref": "AWS::Partition"
                      },
                      ":apigateway:",
                      {
                        "Ref": "AWS::Region"
                      },
                      ":lambda:path/2015-03-31/functions/",
                      {
                        "Fn::GetAtt": [
                          "UpdateNoteLambdaFunction",
                          "Arn"
                        ]
                      },
                      "/invocations"
                    ]
                  ]
                }
              },
              "MethodResponses": []
            },
            "DependsOn": "AuthorizerApiGatewayAuthorizer"
          },
          "ApiGatewayMethodNotesIdVarDelete": {
            "Type": "AWS::ApiGateway::Method",
            "Properties": {
              "HttpMethod": "DELETE",
              "RequestParameters": {},
              "ResourceId": {
                "Ref": "ApiGatewayResourceNotesIdVar"
              },
              "RestApiId": {
                "Ref": "ApiGatewayRestApi"
              },
              "ApiKeyRequired": false,
              "AuthorizationType": "CUSTOM",
              "AuthorizerId": {
                "Ref": "AuthorizerApiGatewayAuthorizer"
              },
              "Integration": {
                "IntegrationHttpMethod": "POST",
                "Type": "AWS_PROXY",
                "Uri": {
                  "Fn::Join": [
                    "",
                    [
                      "arn:",
                      {
                        "Ref": "AWS::Partition"
                      },
                      ":apigateway:",
                      {
                        "Ref": "AWS::Region"
                      },
                      ":lambda:path/2015-03-31/functions/",
                      {
                        "Fn::GetAtt": [
                          "DeleteNoteLambdaFunction",
                          "Arn"
                        ]
                      },
                      "/invocations"
                    ]
                  ]
                }
              },
              "MethodResponses": []
            },
            "DependsOn": "AuthorizerApiGatewayAuthorizer"
          },
          "ApiGatewayMethodNotesGet": {
            "Type": "AWS::ApiGateway::Method",
            "Properties": {
              "HttpMethod": "GET",
              "RequestParameters": {},
              "ResourceId": {
                "Ref": "ApiGatewayResourceNotes"
              },
              "RestApiId": {
                "Ref": "ApiGatewayRestApi"
              },
              "ApiKeyRequired": false,
              "AuthorizationType": "COGNITO_USER_POOLS",
              "AuthorizerId": {
                "Ref": "UserpoolUnderscoreauthorizerApiGatewayAuthorizer"
              },
              "Integration": {
                "IntegrationHttpMethod": "POST",
                "Type": "AWS_PROXY",
                "Uri": {
                  "Fn::Join": [
                    "",
                    [
                      "arn:",
                      {
                        "Ref": "AWS::Partition"
                      },
                      ":apigateway:",
                      {
                        "Ref": "AWS::Region"
                      },
                      ":lambda:path/2015-03-31/functions/",
                      {
                        "Fn::GetAtt": [
                          "GetAllNotesLambdaFunction",
                          "Arn"
                        ]
                      },
                      "/invocations"
                    ]
                  ]
                }
              },
              "MethodResponses": []
            },
            "DependsOn": "UserpoolUnderscoreauthorizerApiGatewayAuthorizer"
          },
          "AuthorizerApiGatewayAuthorizer": {
            "Type": "AWS::ApiGateway::Authorizer",
            "Properties": {
              "IdentitySource": "method.request.header.Authorization",
              "Name": "authorizer",
              "RestApiId": {
                "Ref": "ApiGatewayRestApi"
              },
              "AuthorizerUri": {
                "Fn::Join": [
                  "",
                  [
                    "arn:",
                    {
                      "Ref": "AWS::Partition"
                    },
                    ":apigateway:",
                    {
                      "Ref": "AWS::Region"
                    },
                    ":lambda:path/2015-03-31/functions/",
                    {
                      "Fn::GetAtt": [
                        "AuthorizerLambdaFunction",
                        "Arn"
                      ]
                    },
                    "/invocations"
                  ]
                ]
              },
              "Type": "TOKEN"
            }
          },
          "UserpoolUnderscoreauthorizerApiGatewayAuthorizer": {
            "Type": "AWS::ApiGateway::Authorizer",
            "Properties": {
              "AuthorizerResultTtlInSeconds": 300,
              "IdentitySource": "method.request.header.Authorization",
              "Name": "userpool_authorizer",
              "RestApiId": {
                "Ref": "ApiGatewayRestApi"
              },
              "Type": "COGNITO_USER_POOLS",
              "ProviderARNs": [
                "arn:aws:cognito-idp:ap-northeast-1:364277308978:userpool/ap-northeast-1_2oxGddcXR"
              ]
            }
          },
          "ApiGatewayDeployment1675509911450": {
            "Type": "AWS::ApiGateway::Deployment",
            "Properties": {
              "RestApiId": {
                "Ref": "ApiGatewayRestApi"
              },
              "StageName": "dev"
            },
            "DependsOn": [
              "ApiGatewayMethodNotesPost",
              "ApiGatewayMethodNotesIdVarPut",
              "ApiGatewayMethodNotesIdVarDelete",
              "ApiGatewayMethodNotesGet"
            ]
          },
          "CreateNoteLambdaPermissionApiGateway": {
            "Type": "AWS::Lambda::Permission",
            "Properties": {
              "FunctionName": {
                "Fn::GetAtt": [
                  "CreateNoteLambdaFunction",
                  "Arn"
                ]
              },
              "Action": "lambda:InvokeFunction",
              "Principal": "apigateway.amazonaws.com",
              "SourceArn": {
                "Fn::Join": [
                  "",
                  [
                    "arn:",
                    {
                      "Ref": "AWS::Partition"
                    },
                    ":execute-api:",
                    {
                      "Ref": "AWS::Region"
                    },
                    ":",
                    {
                      "Ref": "AWS::AccountId"
                    },
                    ":",
                    {
                      "Ref": "ApiGatewayRestApi"
                    },
                    "/*/*"
                  ]
                ]
              }
            }
          },
          "AuthorizerLambdaPermissionApiGateway": {
            "Type": "AWS::Lambda::Permission",
            "Properties": {
              "FunctionName": {
                "Fn::GetAtt": [
                  "AuthorizerLambdaFunction",
                  "Arn"
                ]
              },
              "Action": "lambda:InvokeFunction",
              "Principal": "apigateway.amazonaws.com",
              "SourceArn": {
                "Fn::Join": [
                  "",
                  [
                    "arn:",
                    {
                      "Ref": "AWS::Partition"
                    },
                    ":execute-api:",
                    {
                      "Ref": "AWS::Region"
                    },
                    ":",
                    {
                      "Ref": "AWS::AccountId"
                    },
                    ":",
                    {
                      "Ref": "ApiGatewayRestApi"
                    },
                    "/*/*"
                  ]
                ]
              }
            }
          },
          "UpdateNoteLambdaPermissionApiGateway": {
            "Type": "AWS::Lambda::Permission",
            "Properties": {
              "FunctionName": {
                "Fn::GetAtt": [
                  "UpdateNoteLambdaFunction",
                  "Arn"
                ]
              },
              "Action": "lambda:InvokeFunction",
              "Principal": "apigateway.amazonaws.com",
              "SourceArn": {
                "Fn::Join": [
                  "",
                  [
                    "arn:",
                    {
                      "Ref": "AWS::Partition"
                    },
                    ":execute-api:",
                    {
                      "Ref": "AWS::Region"
                    },
                    ":",
                    {
                      "Ref": "AWS::AccountId"
                    },
                    ":",
                    {
                      "Ref": "ApiGatewayRestApi"
                    },
                    "/*/*"
                  ]
                ]
              }
            }
          },
          "DeleteNoteLambdaPermissionApiGateway": {
            "Type": "AWS::Lambda::Permission",
            "Properties": {
              "FunctionName": {
                "Fn::GetAtt": [
                  "DeleteNoteLambdaFunction",
                  "Arn"
                ]
              },
              "Action": "lambda:InvokeFunction",
              "Principal": "apigateway.amazonaws.com",
              "SourceArn": {
                "Fn::Join": [
                  "",
                  [
                    "arn:",
                    {
                      "Ref": "AWS::Partition"
                    },
                    ":execute-api:",
                    {
                      "Ref": "AWS::Region"
                    },
                    ":",
                    {
                      "Ref": "AWS::AccountId"
                    },
                    ":",
                    {
                      "Ref": "ApiGatewayRestApi"
                    },
                    "/*/*"
                  ]
                ]
              }
            }
          },
          "GetAllNotesLambdaPermissionApiGateway": {
            "Type": "AWS::Lambda::Permission",
            "Properties": {
              "FunctionName": {
                "Fn::GetAtt": [
                  "GetAllNotesLambdaFunction",
                  "Arn"
                ]
              },
              "Action": "lambda:InvokeFunction",
              "Principal": "apigateway.amazonaws.com",
              "SourceArn": {
                "Fn::Join": [
                  "",
                  [
                    "arn:",
                    {
                      "Ref": "AWS::Partition"
                    },
                    ":execute-api:",
                    {
                      "Ref": "AWS::Region"
                    },
                    ":",
                    {
                      "Ref": "AWS::AccountId"
                    },
                    ":",
                    {
                      "Ref": "ApiGatewayRestApi"
                    },
                    "/*/*"
                  ]
                ]
              }
            }
          },
          "CreateNoteIamRoleLambdaExecution": {
            "Type": "AWS::IAM::Role",
            "Properties": {
              "AssumeRolePolicyDocument": {
                "Version": "2012-10-17",
                "Statement": [
                  {
                    "Effect": "Allow",
                    "Principal": {
                      "Service": [
                        "lambda.amazonaws.com"
                      ]
                    },
                    "Action": [
                      "sts:AssumeRole"
                    ]
                  }
                ]
              },
              "Policies": [
                {
                  "PolicyName": {
                    "Fn::Join": [
                      "-",
                      [
                        "notes-api",
                        "dev",
                        "lambda"
                      ]
                    ]
                  },
                  "PolicyDocument": {
                    "Version": "2012-10-17",
                    "Statement": [
                      {
                        "Effect": "Allow",
                        "Action": [
                          "logs:CreateLogStream",
                          "logs:CreateLogGroup",
                          "logs:PutLogEvents"
                        ],
                        "Resource": [
                          {
                            "Fn::Sub": "arn:${AWS::Partition}:logs:${AWS::Region}:${AWS::AccountId}:log-group:/aws/lambda/notes-api-dev-createNote:*:*"
                          }
                        ]
                      },
                      {
                        "Effect": "Allow",
                        "Action": [
                          "dynamodb:PutItem"
                        ],
                        "Resource": {
                          "Fn::GetAtt": [
                            "notesTable",
                            "Arn"
                          ]
                        }
                      }
                    ]
                  }
                }
              ],
              "Path": "/",
              "RoleName": {
                "Fn::Join": [
                  "-",
                  [
                    "notes-api",
                    "dev",
                    "createNote",
                    {
                      "Ref": "AWS::Region"
                    },
                    "lambdaRole"
                  ]
                ]
              },
              "ManagedPolicyArns": []
            }
          },
          "UpdateNoteIamRoleLambdaExecution": {
            "Type": "AWS::IAM::Role",
            "Properties": {
              "AssumeRolePolicyDocument": {
                "Version": "2012-10-17",
                "Statement": [
                  {
                    "Effect": "Allow",
                    "Principal": {
                      "Service": [
                        "lambda.amazonaws.com"
                      ]
                    },
                    "Action": [
                      "sts:AssumeRole"
                    ]
                  }
                ]
              },
              "Policies": [
                {
                  "PolicyName": {
                    "Fn::Join": [
                      "-",
                      [
                        "notes-api",
                        "dev",
                        "lambda"
                      ]
                    ]
                  },
                  "PolicyDocument": {
                    "Version": "2012-10-17",
                    "Statement": [
                      {
                        "Effect": "Allow",
                        "Action": [
                          "logs:CreateLogStream",
                          "logs:CreateLogGroup",
                          "logs:PutLogEvents"
                        ],
                        "Resource": [
                          {
                            "Fn::Sub": "arn:${AWS::Partition}:logs:${AWS::Region}:${AWS::AccountId}:log-group:/aws/lambda/notes-api-dev-updateNote:*:*"
                          }
                        ]
                      },
                      {
                        "Effect": "Allow",
                        "Action": [
                          "dynamodb:UpdateItem"
                        ],
                        "Resource": {
                          "Fn::GetAtt": [
                            "notesTable",
                            "Arn"
                          ]
                        }
                      }
                    ]
                  }
                }
              ],
              "Path": "/",
              "RoleName": {
                "Fn::Join": [
                  "-",
                  [
                    "notes-api",
                    "dev",
                    "updateNote",
                    {
                      "Ref": "AWS::Region"
                    },
                    "lambdaRole"
                  ]
                ]
              },
              "ManagedPolicyArns": []
            }
          },
          "DeleteNoteIamRoleLambdaExecution": {
            "Type": "AWS::IAM::Role",
            "Properties": {
              "AssumeRolePolicyDocument": {
                "Version": "2012-10-17",
                "Statement": [
                  {
                    "Effect": "Allow",
                    "Principal": {
                      "Service": [
                        "lambda.amazonaws.com"
                      ]
                    },
                    "Action": [
                      "sts:AssumeRole"
                    ]
                  }
                ]
              },
              "Policies": [
                {
                  "PolicyName": {
                    "Fn::Join": [
                      "-",
                      [
                        "notes-api",
                        "dev",
                        "lambda"
                      ]
                    ]
                  },
                  "PolicyDocument": {
                    "Version": "2012-10-17",
                    "Statement": [
                      {
                        "Effect": "Allow",
                        "Action": [
                          "logs:CreateLogStream",
                          "logs:CreateLogGroup",
                          "logs:PutLogEvents"
                        ],
                        "Resource": [
                          {
                            "Fn::Sub": "arn:${AWS::Partition}:logs:${AWS::Region}:${AWS::AccountId}:log-group:/aws/lambda/notes-api-dev-deleteNote:*:*"
                          }
                        ]
                      },
                      {
                        "Effect": "Allow",
                        "Action": [
                          "dynamodb:DeleteItem"
                        ],
                        "Resource": {
                          "Fn::GetAtt": [
                            "notesTable",
                            "Arn"
                          ]
                        }
                      }
                    ]
                  }
                }
              ],
              "Path": "/",
              "RoleName": {
                "Fn::Join": [
                  "-",
                  [
                    "notes-api",
                    "dev",
                    "deleteNote",
                    {
                      "Ref": "AWS::Region"
                    },
                    "lambdaRole"
                  ]
                ]
              },
              "ManagedPolicyArns": []
            }
          },
          "GetAllNotesIamRoleLambdaExecution": {
            "Type": "AWS::IAM::Role",
            "Properties": {
              "AssumeRolePolicyDocument": {
                "Version": "2012-10-17",
                "Statement": [
                  {
                    "Effect": "Allow",
                    "Principal": {
                      "Service": [
                        "lambda.amazonaws.com"
                      ]
                    },
                    "Action": [
                      "sts:AssumeRole"
                    ]
                  }
                ]
              },
              "Policies": [
                {
                  "PolicyName": {
                    "Fn::Join": [
                      "-",
                      [
                        "notes-api",
                        "dev",
                        "lambda"
                      ]
                    ]
                  },
                  "PolicyDocument": {
                    "Version": "2012-10-17",
                    "Statement": [
                      {
                        "Effect": "Allow",
                        "Action": [
                          "logs:CreateLogStream",
                          "logs:CreateLogGroup",
                          "logs:PutLogEvents"
                        ],
                        "Resource": [
                          {
                            "Fn::Sub": "arn:${AWS::Partition}:logs:${AWS::Region}:${AWS::AccountId}:log-group:/aws/lambda/notes-api-dev-getAllNotes:*:*"
                          }
                        ]
                      },
                      {
                        "Effect": "Allow",
                        "Action": [
                          "dynamodb:Scan"
                        ],
                        "Resource": {
                          "Fn::GetAtt": [
                            "notesTable",
                            "Arn"
                          ]
                        }
                      }
                    ]
                  }
                }
              ],
              "Path": "/",
              "RoleName": {
                "Fn::Join": [
                  "-",
                  [
                    "notes-api",
                    "dev",
                    "getAllNotes",
                    {
                      "Ref": "AWS::Region"
                    },
                    "lambdaRole"
                  ]
                ]
              },
              "ManagedPolicyArns": []
            }
          },
          "notesTable": {
            "Type": "AWS::DynamoDB::Table",
            "Properties": {
              "TableName": "notes",
              "BillingMode": "PAY_PER_REQUEST",
              "AttributeDefinitions": [
                {
                  "AttributeName": "notesId",
                  "AttributeType": "S"
                }
              ],
              "KeySchema": [
                {
                  "AttributeName": "notesId",
                  "KeyType": "HASH"
                }
              ]
            }
          },
          "cognitoUserPool": {
            "Type": "AWS::Cognito::UserPool",
            "Properties": {
              "UserPoolName": "MyNotesUP"
            }
          },
          "cognitoUserPoolWebClient": {
            "Type": "AWS::Cognito::UserPoolClient",
            "Properties": {
              "UserPoolId": {
                "Ref": "cognitoUserPool"
              },
              "ClientName": "web",
              "AllowedOAuthFlowsUserPoolClient": true,
              "SupportedIdentityProviders": [
                "COGNITO"
              ],
              "AllowedOAuthScopes": [
                "phone",
                "email",
                "profile",
                "openid"
              ],
              "AllowedOAuthFlows": [
                "implicit"
              ],
              "CallbackURLs": [
                "http://localhost:3000"
              ]
            }
          },
          "cognitoUserPoolDomain": {
            "Type": "AWS::Cognito::UserPoolDomain",
            "Properties": {
              "UserPoolId": {
                "Ref": "cognitoUserPool"
              },
              "Domain": "mynotescd"
            }
          },
          "userPoolIdParam": {
            "Type": "AWS::SSM::Parameter",
            "Properties": {
              "Name": "/notes/dev/userPoolId",
              "Type": "String",
              "Value": {
                "Fn::GetAtt": [
                  "cognitoUserPool",
                  "Arn"
                ]
              }
            }
          }
        },
        "Outputs": {
          "ServerlessDeploymentBucketName": {
            "Value": {
              "Ref": "ServerlessDeploymentBucket"
            },
            "Export": {
              "Name": "sls-notes-api-dev-ServerlessDeploymentBucketName"
            }
          },
          "AuthorizerLambdaFunctionQualifiedArn": {
            "Description": "Current Lambda function version",
            "Value": {
              "Ref": "AuthorizerLambdaVersion1CucFna1XkWJrcNZ7Dyv2p18uOebIhTu6rR7teiZD0"
            },
            "Export": {
              "Name": "sls-notes-api-dev-AuthorizerLambdaFunctionQualifiedArn"
            }
          },
          "CreateNoteLambdaFunctionQualifiedArn": {
            "Description": "Current Lambda function version",
            "Value": {
              "Ref": "CreateNoteLambdaVersionrJKiIRC9bTIvKIxAIP5MSbAcYCIzlTt95wV2eofzgxs"
            },
            "Export": {
              "Name": "sls-notes-api-dev-CreateNoteLambdaFunctionQualifiedArn"
            }
          },
          "UpdateNoteLambdaFunctionQualifiedArn": {
            "Description": "Current Lambda function version",
            "Value": {
              "Ref": "UpdateNoteLambdaVersion2ZSqnRy7rgMOwg5g8m44sZfiN6jEGpvyzUaLrK7xs"
            },
            "Export": {
              "Name": "sls-notes-api-dev-UpdateNoteLambdaFunctionQualifiedArn"
            }
          },
          "DeleteNoteLambdaFunctionQualifiedArn": {
            "Description": "Current Lambda function version",
            "Value": {
              "Ref": "DeleteNoteLambdaVersionEqcP6qrCdZZpWqsEr5XBa0MXoKpNwBzMZM8th7g"
            },
            "Export": {
              "Name": "sls-notes-api-dev-DeleteNoteLambdaFunctionQualifiedArn"
            }
          },
          "GetAllNotesLambdaFunctionQualifiedArn": {
            "Description": "Current Lambda function version",
            "Value": {
              "Ref": "GetAllNotesLambdaVersion4WMMEavIxjVBYNHuShiltAPAXeYs8J0XIZpkrm0"
            },
            "Export": {
              "Name": "sls-notes-api-dev-GetAllNotesLambdaFunctionQualifiedArn"
            }
          },
          "ServiceEndpoint": {
            "Description": "URL of the service endpoint",
            "Value": {
              "Fn::Join": [
                "",
                [
                  "https://",
                  {
                    "Ref": "ApiGatewayRestApi"
                  },
                  ".execute-api.",
                  {
                    "Ref": "AWS::Region"
                  },
                  ".",
                  {
                    "Ref": "AWS::URLSuffix"
                  },
                  "/dev"
                ]
              ]
            },
            "Export": {
              "Name": "sls-notes-api-dev-ServiceEndpoint"
            }
          }
        }
      },
      "coreCloudFormationTemplate": {
        "AWSTemplateFormatVersion": "2010-09-09",
        "Description": "The AWS CloudFormation template for this Serverless application",
        "Resources": {
          "ServerlessDeploymentBucket": {
            "Type": "AWS::S3::Bucket",
            "Properties": {
              "BucketEncryption": {
                "ServerSideEncryptionConfiguration": [
                  {
                    "ServerSideEncryptionByDefault": {
                      "SSEAlgorithm": "AES256"
                    }
                  }
                ]
              }
            }
          },
          "ServerlessDeploymentBucketPolicy": {
            "Type": "AWS::S3::BucketPolicy",
            "Properties": {
              "Bucket": {
                "Ref": "ServerlessDeploymentBucket"
              },
              "PolicyDocument": {
                "Statement": [
                  {
                    "Action": "s3:*",
                    "Effect": "Deny",
                    "Principal": "*",
                    "Resource": [
                      {
                        "Fn::Join": [
                          "",
                          [
                            "arn:",
                            {
                              "Ref": "AWS::Partition"
                            },
                            ":s3:::",
                            {
                              "Ref": "ServerlessDeploymentBucket"
                            },
                            "/*"
                          ]
                        ]
                      },
                      {
                        "Fn::Join": [
                          "",
                          [
                            "arn:",
                            {
                              "Ref": "AWS::Partition"
                            },
                            ":s3:::",
                            {
                              "Ref": "ServerlessDeploymentBucket"
                            }
                          ]
                        ]
                      }
                    ],
                    "Condition": {
                      "Bool": {
                        "aws:SecureTransport": false
                      }
                    }
                  }
                ]
              }
            }
          }
        },
        "Outputs": {
          "ServerlessDeploymentBucketName": {
            "Value": {
              "Ref": "ServerlessDeploymentBucket"
            }
          }
        }
      },
      "vpc": {}
    },
    "plugins": [
      "serverless-iam-roles-per-function"
    ],
    "pluginsData": {},
    "functions": {
      "authorizer": {
        "handler": "authorizer.handler",
        "environment": {
          "COGNITO_USERPOOL_ID": {
            "$ref": "$[\"service\"][\"provider\"][\"compiledCloudFormationTemplate\"][\"Resources\"][\"AuthorizerLambdaFunction\"][\"Properties\"][\"Environment\"][\"Variables\"][\"COGNITO_USERPOOL_ID\"]"
          },
          "COGNITO_WEB_CLIENT_ID": {
            "$ref": "$[\"service\"][\"provider\"][\"compiledCloudFormationTemplate\"][\"Resources\"][\"AuthorizerLambdaFunction\"][\"Properties\"][\"Environment\"][\"Variables\"][\"COGNITO_WEB_CLIENT_ID\"]"
          }
        },
        "events": [],
        "name": "notes-api-dev-authorizer",
        "package": {},
        "memory": 1024,
        "timeout": 6,
        "runtime": "nodejs14.x",
        "vpc": {},
        "versionLogicalId": "AuthorizerLambdaVersion1CucFna1XkWJrcNZ7Dyv2p18uOebIhTu6rR7teiZD0"
      },
      "createNote": {
        "handler": "handler.createNote",
        "environment": {
          "NOTES_TABLE_NAME": {
            "$ref": "$[\"service\"][\"provider\"][\"compiledCloudFormationTemplate\"][\"Resources\"][\"CreateNoteLambdaFunction\"][\"Properties\"][\"Environment\"][\"Variables\"][\"NOTES_TABLE_NAME\"]"
          },
          "AWS_NODEJS_CONNECTION_REUSE_ENABLED": "1"
        },
        "iamRoleStatements": [
          {
            "$ref": "$[\"service\"][\"provider\"][\"compiledCloudFormationTemplate\"][\"Resources\"][\"CreateNoteIamRoleLambdaExecution\"][\"Properties\"][\"Policies\"][0][\"PolicyDocument\"][\"Statement\"][1]"
          }
        ],
        "events": [
          {
            "http": {
              "method": "post",
              "path": "notes",
              "authorizer": {
                "name": "authorizer",
                "arn": {
                  "$ref": "$[\"service\"][\"provider\"][\"compiledCloudFormationTemplate\"][\"Resources\"][\"AuthorizerLambdaPermissionApiGateway\"][\"Properties\"][\"FunctionName\"]"
                },
                "managedExternally": false,
                "identitySource": "method.request.header.Authorization"
              },
              "integration": "AWS_PROXY"
            }
          }
        ],
        "name": "notes-api-dev-createNote",
        "package": {},
        "memory": 1024,
        "timeout": 6,
        "runtime": "nodejs14.x",
        "vpc": {},
        "versionLogicalId": "CreateNoteLambdaVersionrJKiIRC9bTIvKIxAIP5MSbAcYCIzlTt95wV2eofzgxs"
      },
      "updateNote": {
        "handler": "handler.updateNote",
        "environment": {
          "NOTES_TABLE_NAME": {
            "$ref": "$[\"service\"][\"provider\"][\"compiledCloudFormationTemplate\"][\"Resources\"][\"UpdateNoteLambdaFunction\"][\"Properties\"][\"Environment\"][\"Variables\"][\"NOTES_TABLE_NAME\"]"
          },
          "AWS_NODEJS_CONNECTION_REUSE_ENABLED": "1"
        },
        "iamRoleStatements": [
          {
            "$ref": "$[\"service\"][\"provider\"][\"compiledCloudFormationTemplate\"][\"Resources\"][\"UpdateNoteIamRoleLambdaExecution\"][\"Properties\"][\"Policies\"][0][\"PolicyDocument\"][\"Statement\"][1]"
          }
        ],
        "events": [
          {
            "http": {
              "method": "put",
              "path": "notes/{id}",
              "authorizer": {
                "name": "authorizer",
                "arn": {
                  "$ref": "$[\"service\"][\"provider\"][\"compiledCloudFormationTemplate\"][\"Resources\"][\"AuthorizerLambdaPermissionApiGateway\"][\"Properties\"][\"FunctionName\"]"
                },
                "managedExternally": false,
                "identitySource": "method.request.header.Authorization"
              },
              "integration": "AWS_PROXY"
            }
          }
        ],
        "name": "notes-api-dev-updateNote",
        "package": {},
        "memory": 1024,
        "timeout": 6,
        "runtime": "nodejs14.x",
        "vpc": {},
        "versionLogicalId": "UpdateNoteLambdaVersion2ZSqnRy7rgMOwg5g8m44sZfiN6jEGpvyzUaLrK7xs"
      },
      "deleteNote": {
        "handler": "handler.deleteNote",
        "environment": {
          "NOTES_TABLE_NAME": {
            "$ref": "$[\"service\"][\"provider\"][\"compiledCloudFormationTemplate\"][\"Resources\"][\"DeleteNoteLambdaFunction\"][\"Properties\"][\"Environment\"][\"Variables\"][\"NOTES_TABLE_NAME\"]"
          },
          "AWS_NODEJS_CONNECTION_REUSE_ENABLED": "1"
        },
        "iamRoleStatements": [
          {
            "$ref": "$[\"service\"][\"provider\"][\"compiledCloudFormationTemplate\"][\"Resources\"][\"DeleteNoteIamRoleLambdaExecution\"][\"Properties\"][\"Policies\"][0][\"PolicyDocument\"][\"Statement\"][1]"
          }
        ],
        "events": [
          {
            "http": {
              "method": "delete",
              "path": "notes/{id}",
              "authorizer": {
                "name": "authorizer",
                "arn": {
                  "$ref": "$[\"service\"][\"provider\"][\"compiledCloudFormationTemplate\"][\"Resources\"][\"AuthorizerLambdaPermissionApiGateway\"][\"Properties\"][\"FunctionName\"]"
                },
                "managedExternally": false,
                "identitySource": "method.request.header.Authorization"
              },
              "integration": "AWS_PROXY"
            }
          }
        ],
        "name": "notes-api-dev-deleteNote",
        "package": {},
        "memory": 1024,
        "timeout": 6,
        "runtime": "nodejs14.x",
        "vpc": {},
        "versionLogicalId": "DeleteNoteLambdaVersionEqcP6qrCdZZpWqsEr5XBa0MXoKpNwBzMZM8th7g"
      },
      "getAllNotes": {
        "handler": "handler.getAllNotes",
        "environment": {
          "NOTES_TABLE_NAME": {
            "$ref": "$[\"service\"][\"provider\"][\"compiledCloudFormationTemplate\"][\"Resources\"][\"GetAllNotesLambdaFunction\"][\"Properties\"][\"Environment\"][\"Variables\"][\"NOTES_TABLE_NAME\"]"
          },
          "AWS_NODEJS_CONNECTION_REUSE_ENABLED": "1"
        },
        "iamRoleStatements": [
          {
            "$ref": "$[\"service\"][\"provider\"][\"compiledCloudFormationTemplate\"][\"Resources\"][\"GetAllNotesIamRoleLambdaExecution\"][\"Properties\"][\"Policies\"][0][\"PolicyDocument\"][\"Statement\"][1]"
          }
        ],
        "events": [
          {
            "http": {
              "method": "get",
              "path": "notes",
              "authorizer": {
                "name": "userpool_authorizer",
                "arn": "arn:aws:cognito-idp:ap-northeast-1:364277308978:userpool/ap-northeast-1_2oxGddcXR",
                "managedExternally": false,
                "resultTtlInSeconds": 300,
                "identitySource": "method.request.header.Authorization",
                "claims": []
              },
              "integration": "AWS_PROXY"
            }
          }
        ],
        "name": "notes-api-dev-getAllNotes",
        "package": {},
        "memory": 1024,
        "timeout": 6,
        "runtime": "nodejs14.x",
        "vpc": {},
        "versionLogicalId": "GetAllNotesLambdaVersion4WMMEavIxjVBYNHuShiltAPAXeYs8J0XIZpkrm0"
      }
    },
    "resources": {
      "Resources": {
        "notesTable": {
          "Type": "AWS::DynamoDB::Table",
          "Properties": {
            "TableName": "notes",
            "BillingMode": "PAY_PER_REQUEST",
            "AttributeDefinitions": [
              {
                "AttributeName": "notesId",
                "AttributeType": "S"
              }
            ],
            "KeySchema": [
              {
                "AttributeName": "notesId",
                "KeyType": "HASH"
              }
            ]
          }
        },
        "cognitoUserPool": {
          "Type": "AWS::Cognito::UserPool",
          "Properties": {
            "UserPoolName": "MyNotesUP"
          }
        },
        "cognitoUserPoolWebClient": {
          "Type": "AWS::Cognito::UserPoolClient",
          "Properties": {
            "UserPoolId": {
              "Ref": "cognitoUserPool"
            },
            "ClientName": "web",
            "AllowedOAuthFlowsUserPoolClient": true,
            "SupportedIdentityProviders": [
              "COGNITO"
            ],
            "AllowedOAuthScopes": [
              "phone",
              "email",
              "profile",
              "openid"
            ],
            "AllowedOAuthFlows": [
              "implicit"
            ],
            "CallbackURLs": [
              "http://localhost:3000"
            ]
          }
        },
        "cognitoUserPoolDomain": {
          "Type": "AWS::Cognito::UserPoolDomain",
          "Properties": {
            "UserPoolId": {
              "Ref": "cognitoUserPool"
            },
            "Domain": "mynotescd"
          }
        },
        "userPoolIdParam": {
          "Type": "AWS::SSM::Parameter",
          "Properties": {
            "Name": "/notes/dev/userPoolId",
            "Type": "String",
            "Value": {
              "Fn::GetAtt": [
                "cognitoUserPool",
                "Arn"
              ]
            }
          }
        }
      },
      "Outputs": {}
    },
    "configValidationMode": "warn",
    "serviceFilename": "serverless.yml",
    "initialServerlessConfig": {
      "service": {
        "$ref": "$[\"service\"][\"serviceObject\"]"
      },
      "frameworkVersion": "2",
      "provider": {
        "$ref": "$[\"service\"][\"provider\"]"
      },
      "functions": {
        "$ref": "$[\"service\"][\"functions\"]"
      },
      "plugins": {
        "$ref": "$[\"service\"][\"plugins\"]"
      },
      "resources": {
        "$ref": "$[\"service\"][\"resources\"]"
      }
    },
    "layers": {},
    "isDashboardMonitoringPreconfigured": false,
    "artifact": "C:\\Users\\tusha\\Desktop\\AWS\\__Course\\Serverless REST API\\notes-crud-api\\notes\\.serverless\\notes-api.zip"
  },
  "package": {
    "artifactDirectoryName": "serverless/notes-api/dev/1675509925546-2023-02-04T11:25:25.546Z",
    "artifact": "notes-api.zip"
  }
}